{"cameraMode":{"drawMode":0,"name":"Shaded","section":"Shading Mode"},"sceneLighting":true,"audioPlay":false,"sceneViewState":{"showFog":true,"showMaterialUpdate":false,"showSkybox":true,"showFlares":true,"showImageEffects":true,"showParticleSystems":true},"in2DMode":false,"pivot":{"x":-4.054358959197998,"y":8.728361129760743,"z":7.7281646728515629},"rotation":{"x":-0.5079385042190552,"y":-0.007239580154418945,"z":0.004268511664122343,"w":-0.8613523840904236},"size":10.9162015914917,"orthographic":false}